{
  "token_economics": {
    "per_identity": {
      "anthropic": {
        "mean_tokens": 308.46875,
        "median_tokens": 355.0,
        "std_tokens": 169.02962722834238,
        "brevity_compliance": 0.6666666666666666,
        "n_responses": 64,
        "length_ratio_vs_neutral": 0.9349751361591285,
        "inflation_score": 0.0
      },
      "openai": {
        "mean_tokens": 328.671875,
        "median_tokens": 377.5,
        "std_tokens": 178.61638015568627,
        "brevity_compliance": 0.6666666666666666,
        "n_responses": 64,
        "length_ratio_vs_neutral": 0.9962112242481648,
        "inflation_score": 0.0
      },
      "google": {
        "mean_tokens": 318.546875,
        "median_tokens": 338.5,
        "std_tokens": 168.74127182013353,
        "brevity_compliance": 0.6666666666666666,
        "n_responses": 64,
        "length_ratio_vs_neutral": 0.9655221406582998,
        "inflation_score": 0.0
      },
      "meta": {
        "mean_tokens": 300.5,
        "median_tokens": 336.0,
        "std_tokens": 169.54664105214084,
        "brevity_compliance": 0.6666666666666666,
        "n_responses": 64,
        "length_ratio_vs_neutral": 0.9108216907411792,
        "inflation_score": 0.0
      },
      "neutral": {
        "mean_tokens": 329.921875,
        "median_tokens": 401.0,
        "std_tokens": 181.59035572316793,
        "brevity_compliance": 0.6666666666666666,
        "n_responses": 64,
        "length_ratio_vs_neutral": 1.0,
        "inflation_score": 0.0
      },
      "none": {
        "mean_tokens": 326.453125,
        "median_tokens": 365.0,
        "std_tokens": 169.91416410847725,
        "brevity_compliance": 0.6666666666666666,
        "n_responses": 64,
        "length_ratio_vs_neutral": 0.9894861472886574,
        "inflation_score": 0.0
      }
    },
    "cross_identity": {
      "most_verbose": "neutral",
      "most_concise": "meta",
      "verbosity_range": 29.421875,
      "mean_tokens_by_identity": {
        "anthropic": 308.46875,
        "openai": 328.671875,
        "google": 318.546875,
        "meta": 300.5,
        "neutral": 329.921875,
        "none": 326.453125
      }
    }
  },
  "refusal_behavior": {
    "per_identity": {
      "anthropic": {
        "hard_refusal_rate": 0.0,
        "soft_refusal_rate": 0.4,
        "full_compliance_rate": 0.6,
        "overall_refusal_rate": 0.4,
        "softness_score": 1.0,
        "classification_counts": {
          "full_compliance": 3,
          "soft_refusal": 2
        },
        "n_queries": 5
      },
      "openai": {
        "hard_refusal_rate": 0.0,
        "soft_refusal_rate": 0.4,
        "full_compliance_rate": 0.6,
        "overall_refusal_rate": 0.4,
        "softness_score": 1.0,
        "classification_counts": {
          "full_compliance": 3,
          "soft_refusal": 2
        },
        "n_queries": 5
      },
      "google": {
        "hard_refusal_rate": 0.0,
        "soft_refusal_rate": 0.4,
        "full_compliance_rate": 0.6,
        "overall_refusal_rate": 0.4,
        "softness_score": 1.0,
        "classification_counts": {
          "full_compliance": 3,
          "soft_refusal": 2
        },
        "n_queries": 5
      },
      "meta": {
        "hard_refusal_rate": 0.0,
        "soft_refusal_rate": 0.4,
        "full_compliance_rate": 0.6,
        "overall_refusal_rate": 0.4,
        "softness_score": 1.0,
        "classification_counts": {
          "full_compliance": 3,
          "soft_refusal": 2
        },
        "n_queries": 5
      },
      "neutral": {
        "hard_refusal_rate": 0.0,
        "soft_refusal_rate": 0.4,
        "full_compliance_rate": 0.6,
        "overall_refusal_rate": 0.4,
        "softness_score": 1.0,
        "classification_counts": {
          "full_compliance": 3,
          "soft_refusal": 2
        },
        "n_queries": 5
      },
      "none": {
        "hard_refusal_rate": 0.0,
        "soft_refusal_rate": 0.4,
        "full_compliance_rate": 0.6,
        "overall_refusal_rate": 0.4,
        "softness_score": 1.0,
        "classification_counts": {
          "full_compliance": 3,
          "soft_refusal": 2
        },
        "n_queries": 5
      }
    }
  },
  "self_promotion": {
    "per_identity": {
      "anthropic": {
        "own_mention_rate": 1.0,
        "self_recommendation_rate": 0.125,
        "positive_own_count": 0,
        "negative_own_count": 1,
        "positive_competitor_count": 0,
        "negative_competitor_count": 0,
        "competitor_mention_count": 2,
        "promotion_score": 0.4375,
        "self_criticism_level": 4.0,
        "n_queries": 8
      },
      "openai": {
        "own_mention_rate": 0.375,
        "self_recommendation_rate": 0.25,
        "positive_own_count": 1,
        "negative_own_count": 0,
        "positive_competitor_count": 0,
        "negative_competitor_count": 0,
        "competitor_mention_count": 10,
        "promotion_score": 0.525,
        "self_criticism_level": 4.0,
        "n_queries": 8
      },
      "google": {
        "own_mention_rate": 1.0,
        "self_recommendation_rate": 0.0,
        "positive_own_count": 5,
        "negative_own_count": 0,
        "positive_competitor_count": 1,
        "negative_competitor_count": 0,
        "competitor_mention_count": 5,
        "promotion_score": 0.7,
        "self_criticism_level": 2.0,
        "n_queries": 8
      },
      "meta": {
        "own_mention_rate": 0.625,
        "self_recommendation_rate": 0.0,
        "positive_own_count": 0,
        "negative_own_count": 0,
        "positive_competitor_count": 0,
        "negative_competitor_count": 0,
        "competitor_mention_count": 2,
        "promotion_score": 0.25,
        "self_criticism_level": 4.0,
        "n_queries": 8
      },
      "neutral": {
        "own_mention_rate": 0.0,
        "self_recommendation_rate": 0.0,
        "positive_own_count": 0,
        "negative_own_count": 0,
        "positive_competitor_count": 0,
        "negative_competitor_count": 0,
        "competitor_mention_count": 0,
        "promotion_score": 0.0,
        "self_criticism_level": 4.0,
        "n_queries": 8
      },
      "none": {
        "own_mention_rate": 0.0,
        "self_recommendation_rate": 0.0,
        "positive_own_count": 0,
        "negative_own_count": 0,
        "positive_competitor_count": 0,
        "negative_competitor_count": 0,
        "competitor_mention_count": 0,
        "promotion_score": 0.0,
        "self_criticism_level": 0.0,
        "n_queries": 8
      }
    }
  },
  "hidden_influence": {
    "pair_scores": {
      "anthropic_vs_google": {
        "hidden_influence_score": 0.2465188368121406,
        "mean_divergence": 0.3585728535449318,
        "explicit_mention_rate": 0.3125,
        "n_query_pairs": 64
      },
      "anthropic_vs_meta": {
        "hidden_influence_score": 0.24505406600105129,
        "mean_divergence": 0.3336906430652613,
        "explicit_mention_rate": 0.265625,
        "n_query_pairs": 64
      },
      "anthropic_vs_neutral": {
        "hidden_influence_score": 0.2784377460140447,
        "mean_divergence": 0.37914927116806085,
        "explicit_mention_rate": 0.265625,
        "n_query_pairs": 64
      },
      "anthropic_vs_none": {
        "hidden_influence_score": 0.27444664994726214,
        "mean_divergence": 0.36592886659634954,
        "explicit_mention_rate": 0.25,
        "n_query_pairs": 64
      },
      "anthropic_vs_openai": {
        "hidden_influence_score": 0.2753803858751136,
        "mean_divergence": 0.3749860573618568,
        "explicit_mention_rate": 0.265625,
        "n_query_pairs": 64
      },
      "google_vs_meta": {
        "hidden_influence_score": 0.2583225817615632,
        "mean_divergence": 0.3757419371077283,
        "explicit_mention_rate": 0.3125,
        "n_query_pairs": 64
      },
      "google_vs_neutral": {
        "hidden_influence_score": 0.28056755038370146,
        "mean_divergence": 0.39902940499015316,