{
  "n_organisms": 5,
  "n_samples": 150,
  "peak_layer": 3,
  "peak_cv_acc": 0.9866666666666667,
  "held_out_acc": 1.0,
  "perm_95th": 0.3,
  "chance_level": 0.2,
  "above_null": true,
  "H5_confirmed": true,
  "steering_layer": 3,
  "layer_sweep": [
    0.8266666666666667,
    0.6533333333333333,
    0.82,
    0.9866666666666667,
    0.8533333333333334,
    0.8066666666666666,
    0.7333333333333334,
    0.7999999999999999,
    0.5133333333333333,
    0.5333333333333333,
    0.5933333333333334,
    0.5866666666666667,
    0.6133333333333334,
    0.5266666666666667,
    0.5333333333333333,
    0.5733333333333334,
    0.5466666666666667,
    0.5866666666666668,
    0.5533333333333333,
    0.5666666666666668,
    0.5866666666666668,
    0.5866666666666668,
    0.6333333333333333,
    0.6733333333333333,
    0.6533333333333333,
    0.6466666666666666,
    0.7000000000000001,
    0.6733333333333333,
    0.68,
    0.6533333333333333,
    0.6333333333333334,
    0.6466666666666667,
    0.5800000000000001,
    0.6,
    0.5933333333333334,
    0.5666666666666668,
    0.6266666666666666,
    0.6333333333333334,
    0.6666666666666666,
    0.68,
    0.7133333333333333,
    0.7200000000000001
  ]
}